hand_id,date,position,vpip,pfr,3bet,invested,collected,showdown_cards,winner
257995042422,2025-10-04T15:55:45.000000,5,false,false,false,0.0,0.0,,false
257995052073,2025-10-04T15:57:04.000000,5,false,false,false,0.0,0.0,,false
257995052952,2025-10-04T15:57:11.000000,4,false,false,false,0.0,0.0,,false
257995058960,2025-10-04T15:58:01.000000,3,true,true,true,3.29,0.0,,false
257995069307,2025-10-04T15:59:26.000000,4,false,false,false,0.0,0.0,,false
257995071919,2025-10-04T15:59:48.000000,5,false,false,false,0.0,0.0,,false
257995105564,2025-10-04T16:03:35.000000,6,false,false,false,0.0,0.0,,false
257995106615,2025-10-04T16:03:42.000000,1,false,false,false,0.0,0.0,,false
257995122668,2025-10-04T16:05:23.000000,5,false,false,false,0.0,0.0,,false
257995129531,2025-10-04T16:06:05.000000,2,false,false,false,0.0,0.0,,false
257995140154,2025-10-04T16:07:10.000000,6,false,false,false,0.0,0.0,,false
257995150657,2025-10-04T16:08:16.000000,1,true,true,false,1.5,0.0,,false
257995168437,2025-10-04T16:10:06.000000,6,false,false,false,0.0,0.0,,false
257995348667,2025-10-04T16:27:54.000000,2,false,false,false,0.0,0.0,,false
257995352580,2025-10-04T16:28:17.000000,4,true,true,false,0.3,0.0,,false
257995365778,2025-10-04T16:29:35.000000,3,false,false,false,0.0,0.0,,false
257995376934,2025-10-04T16:30:40.000000,4,false,false,false,0.0,0.0,,false
258144859875,2025-10-16T16:05:36.000000,1,false,false,false,0.0,0.0,,false
258144862130,2025-10-16T16:05:51.000000,2,false,false,false,0.0,0.0,,false
258144860757,2025-10-16T16:05:42.000000,3,true,true,true,0.9,1.71,,true
258144863789,2025-10-16T16:06:02.000000,4,false,false,false,0.0,0.0,,false
258144878697,2025-10-16T16:07:41.000000,6,false,false,false,0.0,0.0,,false
258144903159,2025-10-16T16:10:25.000000,3,false,false,false,0.0,0.0,,false
258144912221,2025-10-16T16:11:24.000000,6,false,false,false,0.0,0.0,,false
258144915439,2025-10-16T16:11:45.000000,1,false,false,false,0.0,0.0,,false
258144921786,2025-10-16T16:12:27.000000,2,false,false,false,0.0,0.0,,false
258144938417,2025-10-16T16:14:17.000000,3,true,false,false,0.30000000000000004,0.81,77,true
258144944533,2025-10-16T16:14:59.000000,2,false,false,false,0.0,0.0,,false
258144945351,2025-10-16T16:15:03.000000,2,true,true,true,0.30000000000000004,0.7,,true
258144954491,2025-10-16T16:16:04.000000,5,true,true,false,0.25,0.0,,false
258144961085,2025-10-16T16:16:47.000000,2,false,false,false,0.0,0.0,,false
258144975635,2025-10-16T16:18:20.000000,5,false,false,false,0.0,0.0,,false
258144977385,2025-10-16T16:18:31.000000,4,false,false,false,0.0,0.0,,false
258144975016,2025-10-16T16:18:16.000000,1,false,false,false,0.0,0.0,,false
258144990417,2025-10-16T16:19:56.000000,2,false,false,false,0.0,0.0,,false
258144992798,2025-10-16T16:20:11.000000,1,false,false,false,0.0,0.0,,false
258144996303,2025-10-16T16:20:34.000000,4,false,false,false,0.0,0.0,,false
258145000220,2025-10-16T16:20:59.000000,1,false,false,false,0.0,0.0,,false
258145005410,2025-10-16T16:21:32.000000,1,false,false,false,0.0,0.0,,false
258145016059,2025-10-16T16:22:41.000000,2,false,false,false,0.0,0.0,,false
258145040358,2025-10-16T16:25:15.000000,3,false,false,false,0.0,0.0,,false
258145040862,2025-10-16T16:25:18.000000,2,false,false,false,0.0,0.0,,false
258145053896,2025-10-16T16:26:39.000000,1,false,false,false,0.0,0.0,,false
258145073598,2025-10-16T16:28:43.000000,1,false,false,false,0.0,0.0,,false
258145071855,2025-10-16T16:28:32.000000,3,false,false,false,0.0,0.0,,false
258145077920,2025-10-16T16:29:11.000000,4,false,false,false,0.0,0.0,,false
258145079007,2025-10-16T16:29:18.000000,3,false,false,false,-0.05,0.1,,true
258145082055,2025-10-16T16:29:37.000000,4,false,false,false,0.0,0.0,,false
258145077437,2025-10-16T16:29:08.000000,1,false,false,false,0.0,0.0,,false
258145083627,2025-10-16T16:29:46.000000,3,false,false,false,0.0,0.0,,false
258145090983,2025-10-16T16:30:33.000000,5,false,false,false,0.0,0.0,,false
257947890889,2025-09-30T19:08:46.000000,3,true,false,false,0.39,0.93,,true
257947906487,2025-09-30T19:10:07.000000,1,false,false,false,0.0,0.0,,false
257947941130,2025-09-30T19:13:09.000000,1,true,true,true,0.9,1.85,,true
257947953200,2025-09-30T19:14:13.000000,1,false,false,false,0.0,0.0,,false
257947952430,2025-09-30T19:14:09.000000,6,false,false,false,0.0,0.0,,false
257947963299,2025-09-30T19:15:05.000000,2,false,false,false,0.0,0.0,,false
257947992548,2025-09-30T19:17:36.000000,2,true,false,false,0.35,0.0,,false
257948003644,2025-09-30T19:18:34.000000,6,false,false,false,0.0,0.0,,false
257948012220,2025-09-30T19:19:18.000000,2,false,false,false,0.0,0.0,,false
257948018902,2025-09-30T19:19:52.000000,6,false,false,false,0.0,0.0,,false
257948056268,2025-09-30T19:23:03.000000,1,false,false,false,0.0,0.0,,false
257948060170,2025-09-30T19:23:23.000000,6,false,false,false,0.0,0.0,,false
257948061241,2025-09-30T19:23:28.000000,6,false,false,false,0.0,0.0,,false
257948066400,2025-09-30T19:23:55.000000,5,false,false,false,0.0,0.0,,false
257948094280,2025-09-30T19:26:17.000000,1,false,false,false,0.0,0.0,,false
257948091848,2025-09-30T19:26:05.000000,2,false,false,false,0.0,0.0,,false
257948095367,2025-09-30T19:26:23.000000,6,false,false,false,0.0,0.0,,false
257948099917,2025-09-30T19:26:47.000000,1,false,false,false,0.0,0.0,,false
257948113349,2025-09-30T19:27:55.000000,4,false,false,false,0.0,0.0,,false
257948116067,2025-09-30T19:28:09.000000,1,false,false,false,0.0,0.0,,false
257948147606,2025-09-30T19:30:47.000000,6,false,false,false,0.0,0.0,,false
257948170759,2025-09-30T19:32:41.000000,1,true,true,false,0.3,0.0,,false
257948213935,2025-09-30T19:36:11.000000,3,false,false,false,0.0,0.0,,false
257948215783,2025-09-30T19:36:20.000000,2,false,false,false,0.0,0.0,,false
257948216600,2025-09-30T19:36:24.000000,3,true,false,false,0.49,0.0,,false
257948251947,2025-09-30T19:39:13.000000,1,false,false,false,0.0,0.0,,false
257948290701,2025-09-30T19:42:19.000000,5,false,false,false,0.0,0.0,,false
257948303578,2025-09-30T19:43:20.000000,5,false,false,false,0.0,0.0,,false
257948324288,2025-09-30T19:44:59.000000,3,false,false,false,-0.05,0.1,,true
257948340582,2025-09-30T19:46:16.000000,2,false,false,false,0.0,0.0,,false
257948347196,2025-09-30T19:46:47.000000,4,false,false,false,0.0,0.0,,false
257948350999,2025-09-30T19:47:05.000000,2,false,false,false,0.0,0.0,,false
257948365195,2025-09-30T19:48:12.000000,3,true,false,false,0.2,0.0,,false
257948374766,2025-09-30T19:48:58.000000,4,false,false,false,0.0,0.0,,false
257948378325,2025-09-30T19:49:15.000000,3,false,false,false,0.0,0.0,,false
257948458189,2025-09-30T19:55:48.000000,6,true,true,false,0.09999999999999998,0.25,,true
257948466600,2025-09-30T19:56:48.000000,1,true,false,false,0.3,0.0,,false
257948472818,2025-09-30T19:57:32.000000,5,true,true,false,0.1,0.25,,true
257948475426,2025-09-30T19:57:51.000000,2,true,true,false,0.3,0.57,,true
257948474849,2025-09-30T19:57:46.000000,2,false,false,false,0.0,0.0,,false
257948503323,2025-09-30T20:01:02.000000,4,false,false,false,0.0,0.0,,false
257948510165,2025-09-30T20:01:40.000000,5,false,false,false,0.0,0.0,,false
257948510833,2025-09-30T20:01:44.000000,5,false,false,false,0.0,0.0,,false
257948522308,2025-09-30T20:02:42.000000,2,false,false,false,0.0,0.0,,false
257948530163,2025-09-30T20:03:21.000000,6,false,false,false,0.0,0.0,,false
257948533992,2025-09-30T20:03:40.000000,5,false,false,false,0.0,0.0,,false
257969480717,2025-10-02T14:17:46.000000,4,false,false,false,0.0,0.0,,false
257969481809,2025-10-02T14:17:55.000000,4,false,false,false,0.0,0.0,,false
257969481271,2025-10-02T14:17:50.000000,5,false,false,false,0.0,0.0,,false
257969488644,2025-10-02T14:18:51.000000,1,false,false,false,0.0,0.0,,false
257969491492,2025-10-02T14:19:14.000000,1,false,false,false,0.0,0.0,,false
257969489637,2025-10-02T14:18:59.000000,6,false,false,false,0.0,0.0,,false
257969485831,2025-10-02T14:18:28.000000,1,false,false,false,0.0,0.0,,false
257969491939,2025-10-02T14:19:18.000000,4,true,true,false,0.30000000000000004,0.71,,true
257969508739,2025-10-02T14:21:33.000000,5,true,true,false,1.1,1.8,,true
257969509678,2025-10-02T14:21:41.000000,3,true,false,false,0.29999999999999993,0.81,,true
257969521240,2025-10-02T14:23:13.000000,1,true,false,false,10.0,0.0,T8s,false
257969528998,2025-10-02T14:24:15.000000,6,false,false,false,0.0,0.0,,false
257969535671,2025-10-02T14:25:08.000000,1,true,true,false,0.1,0.25,,true
257969540861,2025-10-02T14:25:49.000000,3,false,false,false,-0.05,0.1,,true
257969544770,2025-10-02T14:26:21.000000,1,true,true,false,0.1,0.25,,true
257969554159,2025-10-02T14:27:36.000000,1,true,true,true,0.9,1.85,,true
257969552175,2025-10-02T14:27:20.000000,4,false,false,false,0.0,0.0,,false
257969552605,2025-10-02T14:27:23.000000,3,true,false,false,2.4099999999999997,0.0,T3s,false
257969574643,2025-10-02T14:30:19.000000,2,false,false,false,0.0,0.0,,false
257969575251,2025-10-02T14:30:24.000000,6,false,false,false,0.0,0.0,,false
257969577776,2025-10-02T14:30:44.000000,4,false,false,false,0.0,0.0,,false
257969587516,2025-10-02T14:32:00.000000,1,false,false,false,0.0,0.0,,false
257969587003,2025-10-02T14:31:56.000000,4,false,false,false,0.0,0.0,,false
257969602623,2025-10-02T14:33:58.000000,2,false,false,false,0.0,0.0,,false
257969599915,2025-10-02T14:33:37.000000,3,true,false,false,0.1,0.0,,false
257969617999,2025-10-02T14:35:58.000000,1,false,false,false,0.0,0.0,,false
257969617485,2025-10-02T14:35:54.000000,1,false,false,false,0.0,0.0,,false
257969617006,2025-10-02T14:35:51.000000,2,false,false,false,0.0,0.0,,false
257969624712,2025-10-02T14:36:50.000000,3,true,false,false,0.2,0.0,,false
257969626324,2025-10-02T14:37:03.000000,5,false,false,false,0.0,0.0,,false
257969629572,2025-10-02T14:37:28.000000,6,true,false,false,0.35,0.0,,false
257969632374,2025-10-02T14:37:49.000000,3,true,true,true,0.29999999999999993,0.65,,true
257969637521,2025-10-02T14:38:29.000000,4,false,false,false,0.0,0.0,,false
257969639917,2025-10-02T14:38:47.000000,3,false,false,false,0.0,0.0,,false
257969632902,2025-10-02T14:37:53.000000,4,false,false,false,0.0,0.0,,false
257969641942,2025-10-02T14:39:02.000000,1,false,false,false,0.0,0.0,,false
257969644096,2025-10-02T14:39:19.000000,3,false,false,false,0.0,0.0,,false
257969646470,2025-10-02T14:39:37.000000,6,false,false,false,0.0,0.0,,false
257969649937,2025-10-02T14:40:04.000000,1,true,true,false,0.1,0.25,,true
257969647973,2025-10-02T14:39:49.000000,1,false,false,false,0.0,0.0,,false
257969657013,2025-10-02T14:40:59.000000,5,false,false,false,0.0,0.0,,false
257969666385,2025-10-02T14:42:12.000000,4,false,false,false,0.0,0.0,,false
257969668608,2025-10-02T14:42:28.000000,3,false,false,false,0.0,0.0,,false
257969666849,2025-10-02T14:42:15.000000,4,false,false,false,0.0,0.0,,false
257969676198,2025-10-02T14:43:27.000000,5,true,true,false,0.42000000000000004,0.0,,false
257969676592,2025-10-02T14:43:30.000000,5,false,false,false,0.0,0.0,,false
257969694826,2025-10-02T14:45:51.000000,4,true,true,false,1.56,0.0,,false
257969706786,2025-10-02T14:47:23.000000,4,false,false,false,0.0,0.0,,false
257969711962,2025-10-02T14:48:03.000000,4,true,true,false,0.35,0.0,,false
257973932683,2025-10-02T21:32:41.000000,4,false,false,false,0.0,0.0,,false
257969395762,2025-10-02T14:06:08.000000,6,false,false,false,0.0,0.0,,false
257969397039,2025-10-02T14:06:19.000000,4,false,false,false,0.0,0.0,,false
257969411867,2025-10-02T14:08:22.000000,2,false,false,false,0.0,0.0,,false
257969407345,2025-10-02T14:07:45.000000,3,true,false,false,0.12,0.0,,false
257969425632,2025-10-02T14:10:16.000000,2,true,true,true,1.2,2.38,,true
257969465598,2025-10-02T14:15:43.000000,2,true,true,true,0.25,0.6,,true
257969467206,2025-10-02T14:15:56.000000,4,true,true,false,0.25,0.52,,true
257969468490,2025-10-02T14:16:06.000000,1,false,false,false,0.0,0.0,,false
257969469808,2025-10-02T14:16:17.000000,6,false,false,false,0.0,0.0,,false
257970665484,2025-10-02T16:40:15.000000,6,false,false,false,0.0,0.0,,false
257970683904,2025-10-02T16:42:11.000000,3,true,false,false,2.05,0.0,,false
257970737068,2025-10-02T16:47:42.000000,5,true,true,false,0.1,0.25,,true
257970744908,2025-10-02T16:48:31.000000,3,false,false,false,0.0,0.0,,false
257970754374,2025-10-02T16:49:31.000000,2,true,true,false,0.09999999999999998,0.2,,true
257970755843,2025-10-02T16:49:40.000000,1,false,false,false,0.0,0.0,,false
257970756664,2025-10-02T16:49:45.000000,3,true,false,false,0.25,0.0,,false
257970806158,2025-10-02T16:54:54.000000,4,false,false,false,0.0,0.0,,false
257970822098,2025-10-02T16:56:58.000000,3,true,false,false,0.32,0.85,,true
257970828256,2025-10-02T16:57:48.000000,4,false,false,false,0.0,0.0,,false
257970833789,2025-10-02T16:58:33.000000,4,false,false,false,0.0,0.0,,false
257970844337,2025-10-02T16:59:58.000000,5,false,false,false,0.0,0.0,,false
257970849735,2025-10-02T17:00:40.000000,5,false,false,false,0.0,0.0,,false
257970850658,2025-10-02T17:00:47.000000,3,false,false,false,0.0,0.0,,false
257970853263,2025-10-02T17:01:06.000000,5,false,false,false,0.0,0.0,,false
257970861461,2025-10-02T17:01:59.000000,4,false,false,false,0.0,0.0,,false
257970905553,2025-10-02T17:06:30.000000,5,false,false,false,0.0,0.0,,false
257970904294,2025-10-02T17:06:23.000000,2,false,false,false,0.0,0.0,,false
257970955768,2025-10-02T17:11:39.000000,2,true,true,false,0.2,0.0,,false
257970969356,2025-10-02T17:13:01.000000,1,false,false,false,0.0,0.0,,false
257970972969,2025-10-02T17:13:23.000000,5,false,false,false,0.0,0.0,,false
257970975878,2025-10-02T17:13:40.000000,5,true,true,false,0.09999999999999998,0.25,,true
257970978737,2025-10-02T17:13:58.000000,5,false,false,false,0.0,0.0,,false
257970979286,2025-10-02T17:14:01.000000,4,false,false,false,0.0,0.0,,false
257970993048,2025-10-02T17:15:24.000000,1,false,false,false,0.0,0.0,,false
257970993699,2025-10-02T17:15:28.000000,4,false,false,false,0.0,0.0,,false
257970994333,2025-10-02T17:15:32.000000,6,true,true,true,0.75,0.0,,false
257971005193,2025-10-02T17:16:39.000000,6,false,false,false,0.0,0.0,,false
257971009039,2025-10-02T17:17:02.000000,4,false,false,false,0.0,0.0,,false
257971006131,2025-10-02T17:16:44.000000,4,false,false,false,0.0,0.0,,false
257971010963,2025-10-02T17:17:13.000000,5,false,false,false,0.0,0.0,,false
257971008309,2025-10-02T17:16:57.000000,4,false,false,false,0.0,0.0,,false
257971027648,2025-10-02T17:18:53.000000,6,true,true,false,0.09999999999999998,0.25,,true
257971031223,2025-10-02T17:19:14.000000,4,true,true,false,0.3,0.0,,false
257971029010,2025-10-02T17:19:01.000000,6,true,true,true,14.69,28.28,22,true
257971044436,2025-10-02T17:20:32.000000,5,false,false,false,0.0,0.0,,false
257971072050,2025-10-02T17:23:18.000000,2,true,true,false,0.1,0.2,,true
257971074147,2025-10-02T17:23:31.000000,6,false,false,false,0.0,0.0,,false
257971082423,2025-10-02T17:24:21.000000,5,false,false,false,0.0,0.0,,false
257971083224,2025-10-02T17:24:26.000000,5,false,false,false,0.0,0.0,,false
257971101540,2025-10-02T17:26:16.000000,2,false,false,false,0.0,0.0,,false
257971122110,2025-10-02T17:28:20.000000,1,true,false,false,0.3,0.0,,false
257971121428,2025-10-02T17:28:16.000000,6,false,false,false,0.0,0.0,,false
257971128174,2025-10-02T17:28:56.000000,5,false,false,false,0.0,0.0,,false
257971130654,2025-10-02T17:29:11.000000,6,false,false,false,0.0,0.0,,false
257971139102,2025-10-02T17:30:02.000000,2,false,false,false,0.0,0.0,,false
257971147651,2025-10-02T17:30:53.000000,3,false,false,false,0.0,0.0,,false
257971163973,2025-10-02T17:32:32.000000,5,false,false,false,0.0,0.0,,false
257971173972,2025-10-02T17:33:32.000000,1,false,false,false,0.0,0.0,,false
257971181526,2025-10-02T17:34:17.000000,5,false,false,false,0.0,0.0,,false
257971189452,2025-10-02T17:35:05.000000,2,false,false,false,0.0,0.0,,false
257971251659,2025-10-02T17:41:22.000000,2,false,false,false,0.0,0.0,,false
257973053436,2025-10-02T20:25:54.000000,3,false,false,false,0.0,0.0,,false
257973056383,2025-10-02T20:26:08.000000,1,false,false,false,0.0,0.0,,false
257973112546,2025-10-02T20:30:28.000000,3,false,false,false,0.0,0.0,,false
257973138502,2025-10-02T20:32:28.000000,6,false,false,false,0.0,0.0,,false
257973154878,2025-10-02T20:33:43.000000,6,false,false,false,0.0,0.0,,false
257973169294,2025-10-02T20:34:50.000000,3,false,false,false,0.0,0.0,,false
257973179029,2025-10-02T20:35:34.000000,3,true,false,false,0.51,0.0,K6s,false
257973188084,2025-10-02T20:36:15.000000,5,true,true,false,0.6499999999999999,1.47,,true
257973193153,2025-10-02T20:36:38.000000,6,false,false,false,0.0,0.0,,false
257973204083,2025-10-02T20:37:28.000000,6,false,false,false,0.0,0.0,,false
257973197361,2025-10-02T20:36:57.000000,5,false,false,false,0.0,0.0,,false
257973224245,2025-10-02T20:39:01.000000,4,false,false,false,0.0,0.0,,false
257973235556,2025-10-02T20:39:54.000000,5,false,false,false,0.0,0.0,,false
257973262972,2025-10-02T20:42:01.000000,1,true,false,false,0.25,0.0,,false
257973267229,2025-10-02T20:42:21.000000,5,false,false,false,0.0,0.0,,false
257973276241,2025-10-02T20:43:03.000000,3,true,false,false,0.15,0.0,,false
257973295033,2025-10-02T20:44:30.000000,6,false,false,false,0.0,0.0,,false
257973314704,2025-10-02T20:46:01.000000,2,false,false,false,0.0,0.0,,false
257973327415,2025-10-02T20:46:59.000000,1,false,false,false,0.0,0.0,,false
257973354086,2025-10-02T20:49:00.000000,2,false,false,false,0.0,0.0,,false
257973371140,2025-10-02T20:50:18.000000,5,false,false,false,0.0,0.0,,false
257973389522,2025-10-02T20:51:43.000000,6,false,false,false,0.0,0.0,,false
257973402170,2025-10-02T20:52:40.000000,5,false,false,false,0.0,0.0,,false
257973416357,2025-10-02T20:53:44.000000,4,false,false,false,0.0,0.0,,false
257973423803,2025-10-02T20:54:19.000000,6,false,false,false,0.0,0.0,,false
257973443075,2025-10-02T20:55:59.000000,4,false,false,false,0.0,0.0,,false
257973441784,2025-10-02T20:55:51.000000,5,false,false,false,0.0,0.0,,false
257973444438,2025-10-02T20:56:08.000000,6,true,true,false,13.649999999999999,0.0,QQ,false
257973457445,2025-10-02T20:57:31.000000,2,true,true,true,4.67,8.97,6As,true
257973472422,2025-10-02T20:59:06.000000,2,true,true,false,0.96,1.82,9As,true
257973479108,2025-10-02T20:59:50.000000,6,true,true,false,0.1,0.25,,true
257973480934,2025-10-02T21:00:01.000000,4,false,false,false,0.0,0.0,,false
257973484514,2025-10-02T21:00:24.000000,5,false,false,false,0.0,0.0,,false
257973485480,2025-10-02T21:00:30.000000,2,false,false,false,0.0,0.0,,false
257973487058,2025-10-02T21:00:39.000000,2,false,false,false,0.0,0.0,,false
257973491322,2025-10-02T21:01:03.000000,6,false,false,false,0.0,0.0,,false
257973492013,2025-10-02T21:01:07.000000,4,false,false,false,0.0,0.0,,false
257973492707,2025-10-02T21:01:11.000000,6,false,false,false,0.0,0.0,,false
257973518626,2025-10-02T21:03:15.000000,3,false,false,false,-0.05,0.1,,true
257973557830,2025-10-02T21:06:09.000000,1,true,true,true,2.8,0.0,,false
257973573155,2025-10-02T21:07:15.000000,3,false,false,false,0.0,0.0,,false
257973577489,2025-10-02T21:07:34.000000,6,false,false,false,0.0,0.0,,false
257973578801,2025-10-02T21:07:39.000000,2,false,false,false,0.0,0.0,,false
257973581908,2025-10-02T21:07:52.000000,1,false,false,false,0.0,0.0,,false
257973597378,2025-10-02T21:08:59.000000,4,false,false,false,0.0,0.0,,false
257973614445,2025-10-02T21:10:12.000000,1,false,false,false,0.0,0.0,,false
257973624850,2025-10-02T21:10:57.000000,1,false,false,false,0.0,0.0,,false
257973623537,2025-10-02T21:10:51.000000,4,false,false,false,0.0,0.0,,false
257973646239,2025-10-02T21:12:29.000000,3,false,false,false,-0.05,0.1,,true
257973648976,2025-10-02T21:12:41.000000,2,false,false,false,0.0,0.0,,false
257973652930,2025-10-02T21:12:58.000000,2,false,false,false,0.0,0.0,,false
257973697686,2025-10-02T21:16:10.000000,2,false,false,false,0.0,0.0,,false
257973701578,2025-10-02T21:16:27.000000,4,false,false,false,0.0,0.0,,false
257973708363,2025-10-02T21:16:56.000000,3,true,false,false,0.2,0.0,,false
257973707012,2025-10-02T21:16:51.000000,6,false,false,false,0.0,0.0,,false
257982068134,2025-10-03T14:49:12.000000,6,false,false,false,0.0,0.0,,false
257982442283,2025-10-03T15:36:11.000000,6,false,false,false,0.0,0.0,,false
257982457057,2025-10-03T15:37:53.000000,1,false,false,false,0.0,0.0,,false
258134981685,2025-10-15T19:15:39.000000,1,true,false,false,12.969999999999999,25.04,3As,true
258134997809,2025-10-15T19:16:59.000000,6,false,false,false,0.0,0.0,,false
258134998670,2025-10-15T19:17:03.000000,5,false,false,false,0.0,0.0,,false
258135030218,2025-10-15T19:19:37.000000,5,false,false,false,0.0,0.0,,false
258135037565,2025-10-15T19:20:13.000000,1,true,true,true,0.25,0.65,,true
258135054904,2025-10-15T19:21:36.000000,3,true,true,true,0.20000000000000007,0.45,,true
258135051951,2025-10-15T19:21:22.000000,2,false,false,false,0.0,0.0,,false
258135079143,2025-10-15T19:23:33.000000,4,true,true,false,0.2,0.0,,false
258135104940,2025-10-15T19:25:37.000000,6,false,false,false,0.0,0.0,,false
258132962905,2025-10-15T16:00:38.000000,2,false,false,false,0.0,0.0,,false
258132967613,2025-10-15T16:01:12.000000,2,true,true,true,2.8000000000000003,0.0,,false
258132972378,2025-10-15T16:01:43.000000,5,false,false,false,0.0,0.0,,false
258132973409,2025-10-15T16:01:50.000000,4,true,true,false,0.25,0.0,,false
258132988034,2025-10-15T16:03:25.000000,3,false,false,false,0.0,0.0,,false
258133001374,2025-10-15T16:04:52.000000,3,true,false,false,0.7,1.57,8Ao,true
258133007249,2025-10-15T16:05:29.000000,5,false,false,false,0.0,0.0,,false
258133005208,2025-10-15T16:05:16.000000,3,true,false,false,0.6000000000000001,1.38,74s,true
258131833251,2025-10-15T13:38:04.000000,2,false,false,false,0.0,0.0,,false
258131830537,2025-10-15T13:37:40.000000,3,true,false,false,0.15,0.0,,false
258131834211,2025-10-15T13:38:13.000000,3,true,true,true,0.22000000000000064,0.49,,true
258131836739,2025-10-15T13:38:34.000000,6,false,false,false,0.0,0.0,,false
258131839777,2025-10-15T13:39:00.000000,4,false,false,false,0.0,0.0,,false
258131850664,2025-10-15T13:40:32.000000,4,false,false,false,0.0,0.0,,false
258131851327,2025-10-15T13:40:38.000000,1,false,false,false,0.0,0.0,,false
258131857096,2025-10-15T13:41:26.000000,2,true,true,true,3.2,0.0,,false
258132492474,2025-10-15T15:06:14.000000,5,false,false,false,0.0,0.0,,false
258132507742,2025-10-15T15:08:03.000000,3,true,false,false,0.2,0.0,,false
258132514498,2025-10-15T15:08:51.000000,6,false,false,false,0.0,0.0,,false
258132514925,2025-10-15T15:08:54.000000,4,false,false,false,0.0,0.0,,false
258132523938,2025-10-15T15:09:59.000000,3,false,false,false,0.0,0.0,,false
258132525135,2025-10-15T15:10:07.000000,1,true,true,false,0.1,0.25,,true
258132532656,2025-10-15T15:11:01.000000,5,false,false,false,0.0,0.0,,false
258132532113,2025-10-15T15:10:57.000000,1,false,false,false,0.0,0.0,,false
258132533322,2025-10-15T15:11:05.000000,6,true,true,true,2.4,0.0,,false
258132540563,2025-10-15T15:11:57.000000,3,false,false,false,0.0,0.0,,false
258108704313,2025-10-13T13:26:10.000000,4,false,false,false,0.0,0.0,,false
258108713585,2025-10-13T13:27:38.000000,1,false,false,false,0.0,0.0,,false
258108715361,2025-10-13T13:27:55.000000,4,false,false,false,0.0,0.0,,false
258108722088,2025-10-13T13:28:58.000000,2,false,false,false,0.0,0.0,,false
258108723883,2025-10-13T13:29:15.000000,5,false,false,false,0.0,0.0,,false
258108724306,2025-10-13T13:29:19.000000,3,false,false,false,0.0,0.0,,false
258108723567,2025-10-13T13:29:13.000000,6,true,true,false,0.25,0.52,JAo,true
258108730190,2025-10-13T13:30:14.000000,1,true,true,false,0.1,0.25,,true
258108729533,2025-10-13T13:30:07.000000,1,true,true,false,2.5,4.99,,true
258108732904,2025-10-13T13:30:39.000000,2,true,false,false,1.16,2.39,AA,true
258108734814,2025-10-13T13:30:57.000000,6,false,false,false,0.0,0.0,,false
258108745543,2025-10-13T13:32:35.000000,6,false,false,false,0.0,0.0,,false
258108748675,2025-10-13T13:33:04.000000,1,false,false,false,0.0,0.0,,false
258108748024,2025-10-13T13:32:58.000000,3,false,false,false,0.0,0.0,,false
258108752956,2025-10-13T13:33:43.000000,5,false,false,false,0.0,0.0,,false
258108755269,2025-10-13T13:34:05.000000,2,true,true,false,0.1,0.2,,true
258108757584,2025-10-13T13:34:26.000000,5,true,true,false,0.1,0.25,,true
258108759191,2025-10-13T13:34:41.000000,3,false,false,false,0.0,0.0,,false
258108778613,2025-10-13T13:37:40.000000,3,false,false,false,0.0,0.0,,false
258108783761,2025-10-13T13:38:26.000000,2,false,false,false,0.0,0.0,,false
258108787925,2025-10-13T13:39:05.000000,5,true,true,false,0.25,0.0,,false
258108793457,2025-10-13T13:39:56.000000,1,false,false,false,0.0,0.0,,false
258108797175,2025-10-13T13:40:29.000000,4,false,false,false,0.0,0.0,,false
258108797480,2025-10-13T13:40:32.000000,3,true,false,false,0.2,0.0,,false
258108806696,2025-10-13T13:41:55.000000,2,false,false,false,0.0,0.0,,false
258108809624,2025-10-13T13:42:22.000000,1,true,false,false,2.0300000000000002,4.0,,true
258108812387,2025-10-13T13:42:47.000000,4,false,false,false,0.0,0.0,,false
258108814472,2025-10-13T13:43:06.000000,6,false,false,false,0.0,0.0,,false
258108818573,2025-10-13T13:43:43.000000,1,false,false,false,0.0,0.0,,false
258108821617,2025-10-13T13:44:10.000000,4,false,false,false,0.0,0.0,,false
258108835260,2025-10-13T13:46:12.000000,5,false,false,false,0.0,0.0,,false
258108834594,2025-10-13T13:46:07.000000,2,true,true,true,2.3,0.0,,false
258108852381,2025-10-13T13:48:43.000000,3,false,false,false,0.0,0.0,,false
258108870028,2025-10-13T13:51:19.000000,1,false,false,false,0.0,0.0,,false
258108874377,2025-10-13T13:51:57.000000,6,false,false,false,0.0,0.0,,false
258108885069,2025-10-13T13:53:30.000000,3,false,false,false,0.0,0.0,,false
258108886922,2025-10-13T13:53:47.000000,5,false,false,false,0.0,0.0,,false
258108901042,2025-10-13T13:56:01.000000,5,false,false,false,0.0,0.0,,false
258108901916,2025-10-13T13:56:11.000000,1,false,false,false,0.0,0.0,,false
258108903358,2025-10-13T13:56:28.000000,4,false,false,false,0.0,0.0,,false
258108904529,2025-10-13T13:56:41.000000,6,false,false,false,0.0,0.0,,false
258108909625,2025-10-13T13:57:38.000000,1,false,false,false,0.0,0.0,,false
258108910105,2025-10-13T13:57:43.000000,5,false,false,false,0.0,0.0,,false
258108916416,2025-10-13T13:58:54.000000,1,false,false,false,0.0,0.0,,false
258108917867,2025-10-13T13:59:10.000000,5,false,false,false,0.0,0.0,,false
258108918231,2025-10-13T13:59:14.000000,2,false,false,false,0.0,0.0,,false
258108922224,2025-10-13T13:59:57.000000,2,false,false,false,0.0,0.0,,false
258108922607,2025-10-13T14:00:01.000000,5,false,false,false,0.0,0.0,,false
258108942902,2025-10-13T14:03:10.000000,6,false,false,false,0.0,0.0,,false
258108943698,2025-10-13T14:03:16.000000,6,false,false,false,0.0,0.0,,false
258108948118,2025-10-13T14:03:55.000000,2,false,false,false,0.0,0.0,,false
258108948474,2025-10-13T14:03:58.000000,2,false,false,false,0.0,0.0,,false
258108948924,2025-10-13T14:04:02.000000,1,false,false,false,0.0,0.0,,false
258108949408,2025-10-13T14:04:06.000000,1,false,false,false,0.0,0.0,,false
258108952235,2025-10-13T14:04:30.000000,2,false,false,false,0.0,0.0,,false
258108959105,2025-10-13T14:05:29.000000,2,true,true,false,0.09999999999999998,0.2,,true
258108978073,2025-10-13T14:08:13.000000,2,true,true,false,1.35,0.0,QAo,false
258108983718,2025-10-13T14:09:01.000000,1,false,false,false,0.0,0.0,,false
258109001985,2025-10-13T14:11:38.000000,4,false,false,false,0.0,0.0,,false
258109002888,2025-10-13T14:11:45.000000,3,false,false,false,0.0,0.0,,false
258109004602,2025-10-13T14:12:00.000000,3,false,false,false,0.0,0.0,,false
258109005245,2025-10-13T14:12:05.000000,6,false,false,false,0.0,0.0,,false
258109019258,2025-10-13T14:14:05.000000,1,false,false,false,0.0,0.0,,false
258109020954,2025-10-13T14:14:20.000000,5,false,false,false,0.0,0.0,,false
258109028431,2025-10-13T14:15:24.000000,1,false,false,false,0.0,0.0,,false
258109029355,2025-10-13T14:15:32.000000,6,false,false,false,0.0,0.0,,false
258109031414,2025-10-13T14:15:49.000000,3,true,false,false,0.2,0.62,,true
258109037271,2025-10-13T14:16:38.000000,1,false,false,false,0.0,0.0,,false
258109037584,2025-10-13T14:16:41.000000,3,false,false,false,-0.05,0.1,,true
258109044847,2025-10-13T14:17:42.000000,2,true,true,true,7.24,13.85,KK,true
258109053442,2025-10-13T14:18:55.000000,4,true,true,false,0.25,0.0,,false
258109620067,2025-10-13T15:32:23.000000,3,true,false,false,0.81,0.0,,false
258109644084,2025-10-13T15:35:11.000000,6,false,false,false,0.0,0.0,,false
258109648348,2025-10-13T15:35:41.000000,4,false,false,false,0.0,0.0,,false
258109671563,2025-10-13T15:38:21.000000,1,false,false,false,0.0,0.0,,false
258109670535,2025-10-13T15:38:14.000000,2,false,false,false,0.0,0.0,,false
258109679380,2025-10-13T15:39:15.000000,2,false,false,false,0.0,0.0,,false
258109682984,2025-10-13T15:39:39.000000,6,false,false,false,0.0,0.0,,false
258109696936,2025-10-13T15:41:13.000000,1,false,false,false,0.0,0.0,,false
258109697364,2025-10-13T15:41:16.000000,5,true,true,false,0.09999999999999998,0.25,,true
258109701676,2025-10-13T15:41:45.000000,6,false,false,false,0.0,0.0,,false
258109714826,2025-10-13T15:43:14.000000,4,true,true,false,1.02,0.0,,false
258109723534,2025-10-13T15:44:12.000000,4,false,false,false,0.0,0.0,,false
258109724923,2025-10-13T15:44:21.000000,5,false,false,false,0.0,0.0,,false
258109723071,2025-10-13T15:44:09.000000,2,false,false,false,0.0,0.0,,false
258109728532,2025-10-13T15:44:45.000000,1,false,false,false,0.0,0.0,,false
258109734472,2025-10-13T15:45:24.000000,3,false,false,false,-0.05,0.1,,true
258109754484,2025-10-13T15:47:37.000000,1,false,false,false,0.0,0.0,,false
258109769548,2025-10-13T15:49:17.000000,1,false,false,false,0.0,0.0,,false
258109771470,2025-10-13T15:49:30.000000,2,true,true,false,0.09999999999999998,0.2,,true
258109789790,2025-10-13T15:51:32.000000,4,false,false,false,0.0,0.0,,false
258109788133,2025-10-13T15:51:21.000000,5,false,false,false,0.0,0.0,,false
258121561018,2025-10-14T13:46:06.000000,6,false,false,false,0.0,0.0,,false
258121567918,2025-10-14T13:47:06.000000,3,true,false,false,0.2,0.0,,false
258121578059,2025-10-14T13:48:34.000000,6,false,false,false,0.0,0.0,,false
258121578855,2025-10-14T13:48:41.000000,1,false,false,false,0.0,0.0,,false
258121576700,2025-10-14T13:48:23.000000,1,false,false,false,0.0,0.0,,false
258121582441,2025-10-14T13:49:12.000000,5,false,false,false,0.0,0.0,,false
258121580218,2025-10-14T13:48:52.000000,6,true,true,false,0.7,0.0,JAo,false
258121583470,2025-10-14T13:49:21.000000,2,true,false,false,0.05,0.0,,false
258121587540,2025-10-14T13:49:56.000000,6,false,false,false,0.0,0.0,,false
258121588304,2025-10-14T13:50:02.000000,5,false,false,false,0.0,0.0,,false
258121589184,2025-10-14T13:50:10.000000,3,true,false,false,0.1,0.0,,false
258121600765,2025-10-14T13:51:49.000000,3,false,false,false,0.0,0.0,,false
258121601230,2025-10-14T13:51:53.000000,4,false,false,false,0.0,0.0,,false
258121601581,2025-10-14T13:51:56.000000,4,true,true,false,0.3,0.0,,false
258121608103,2025-10-14T13:52:52.000000,3,false,false,false,-0.05,0.1,,true
258121609830,2025-10-14T13:53:08.000000,1,true,true,false,0.3,0.0,,false
258121612349,2025-10-14T13:53:30.000000,6,false,false,false,0.0,0.0,,false
258121615056,2025-10-14T13:53:54.000000,5,false,false,false,0.0,0.0,,false
258121623245,2025-10-14T13:55:07.000000,5,true,true,false,0.53,0.0,,false
258121626220,2025-10-14T13:55:38.000000,3,false,false,false,0.0,0.0,,false
258121630212,2025-10-14T13:56:23.000000,3,true,false,false,0.1,0.0,,false
258121629877,2025-10-14T13:56:19.000000,4,false,false,false,0.0,0.0,,false
258121638429,2025-10-14T13:57:54.000000,4,true,true,false,0.25,0.0,,false
258121637784,2025-10-14T13:57:47.000000,5,false,false,false,0.0,0.0,,false
258121641307,2025-10-14T13:58:26.000000,3,false,false,false,0.0,0.0,,false
258121647741,2025-10-14T13:59:39.000000,6,false,false,false,0.0,0.0,,false
258121648461,2025-10-14T13:59:47.000000,2,false,false,false,0.0,0.0,,false
258121652867,2025-10-14T14:00:34.000000,1,true,true,false,0.09999999999999998,0.25,,true
258121653589,2025-10-14T14:00:42.000000,6,true,false,false,1.24,0.0,,false
258121656056,2025-10-14T14:01:04.000000,5,false,false,false,0.0,0.0,,false
258121659656,2025-10-14T14:01:38.000000,5,true,true,true,0.8,0.0,,false
258121671578,2025-10-14T14:03:24.000000,6,false,false,false,0.0,0.0,,false
258121671926,2025-10-14T14:03:27.000000,3,false,false,false,0.0,0.0,,false
258121674365,2025-10-14T14:03:48.000000,4,false,false,false,0.0,0.0,,false
258121676075,2025-10-14T14:04:03.000000,4,false,false,false,0.0,0.0,,false
258121687122,2025-10-14T14:05:39.000000,4,false,false,false,0.0,0.0,,false
258121687965,2025-10-14T14:05:46.000000,6,false,false,false,0.0,0.0,,false
258121688290,2025-10-14T14:05:49.000000,4,false,false,false,0.0,0.0,,false
258121695185,2025-10-14T14:06:47.000000,1,false,false,false,0.0,0.0,,false
258121698629,2025-10-14T14:07:16.000000,1,false,false,false,0.0,0.0,,false
258121702044,2025-10-14T14:07:45.000000,3,false,false,false,-0.05,0.1,,true
258121703961,2025-10-14T14:08:01.000000,6,false,false,false,0.0,0.0,,false
258121699511,2025-10-14T14:07:23.000000,5,true,true,false,0.6,0.0,,false
258121704948,2025-10-14T14:08:09.000000,1,false,false,false,0.0,0.0,,false
258121706611,2025-10-14T14:08:23.000000,4,false,false,false,0.0,0.0,,false
258121712424,2025-10-14T14:09:13.000000,4,false,false,false,0.0,0.0,,false
258121717978,2025-10-14T14:09:59.000000,3,true,false,false,1.06,2.25,JAs,true
258121722862,2025-10-14T14:10:39.000000,1,false,false,false,0.0,0.0,,false
258121722373,2025-10-14T14:10:35.000000,1,false,false,false,0.0,0.0,,false
258121726583,2025-10-14T14:11:11.000000,1,false,false,false,0.0,0.0,,false
258121725423,2025-10-14T14:11:01.000000,3,false,false,false,-0.05,0.1,,true
258121727649,2025-10-14T14:11:21.000000,6,true,true,false,0.25,0.0,,false
258121735408,2025-10-14T14:12:26.000000,2,true,true,true,3.05,0.0,,false
258121740463,2025-10-14T14:13:09.000000,2,false,false,false,0.0,0.0,,false
258121742996,2025-10-14T14:13:31.000000,3,false,false,false,0.0,0.0,,false
258121750942,2025-10-14T14:14:38.000000,4,true,true,false,0.25,0.0,,false
258121756125,2025-10-14T14:15:21.000000,2,false,false,false,0.0,0.0,,false
258121752167,2025-10-14T14:14:48.000000,1,true,false,false,0.41000000000000003,0.0,,false
258121788569,2025-10-14T14:19:50.000000,1,false,false,false,0.0,0.0,,false
258121784043,2025-10-14T14:19:13.000000,2,false,false,false,0.0,0.0,,false
258121788965,2025-10-14T14:19:54.000000,3,false,false,false,0.0,0.0,,false
258122756864,2025-10-14T16:20:00.000000,6,true,false,false,0.2,0.0,,false
258122766873,2025-10-14T16:21:04.000000,3,false,false,false,0.0,0.0,,false
258122771406,2025-10-14T16:21:33.000000,4,false,false,false,0.0,0.0,,false
258122768628,2025-10-14T16:21:15.000000,6,false,false,false,0.0,0.0,,false
258122778688,2025-10-14T16:22:19.000000,2,false,false,false,0.0,0.0,,false
258122779467,2025-10-14T16:22:24.000000,5,false,false,false,0.0,0.0,,false
258122784276,2025-10-14T16:22:56.000000,4,false,false,false,0.0,0.0,,false
258122787426,2025-10-14T16:23:16.000000,5,false,false,false,0.0,0.0,,false
258122790161,2025-10-14T16:23:34.000000,1,false,false,false,0.0,0.0,,false
258122786948,2025-10-14T16:23:13.000000,4,false,false,false,0.0,0.0,,false
258122792208,2025-10-14T16:23:47.000000,2,true,true,true,5.43,0.0,77,false
258122814020,2025-10-14T16:26:07.000000,5,false,false,false,0.0,0.0,,false
258122807179,2025-10-14T16:25:23.000000,3,false,false,false,0.0,0.0,,false
258122816283,2025-10-14T16:26:21.000000,1,false,false,false,0.0,0.0,,false
258122817325,2025-10-14T16:26:28.000000,2,true,true,true,1.1,0.0,,false
258122817993,2025-10-14T16:26:32.000000,5,true,true,false,0.35,1.04,T9s,true
258122821863,2025-10-14T16:26:57.000000,6,true,true,false,0.25,0.0,,false
258122831463,2025-10-14T16:27:59.000000,2,true,false,false,0.05,0.0,,false
258122834457,2025-10-14T16:28:18.000000,4,false,false,false,0.0,0.0,,false
258122836867,2025-10-14T16:28:34.000000,4,false,false,false,0.0,0.0,,false
258122836171,2025-10-14T16:28:29.000000,3,false,false,false,0.0,0.0,,false
258122854466,2025-10-14T16:30:27.000000,1,false,false,false,0.0,0.0,,false
258122876460,2025-10-14T16:32:50.000000,4,true,true,false,2.19,4.21,JAo,true
258122883456,2025-10-14T16:33:34.000000,1,true,true,false,0.1,0.25,,true
258122892648,2025-10-14T16:34:32.000000,3,true,false,false,0.32999999999999996,0.86,QJo,true
258122905987,2025-10-14T16:35:56.000000,1,true,true,false,0.2,0.0,,false
258122945986,2025-10-14T16:40:07.000000,3,false,false,false,-0.05,0.1,,true
258122936235,2025-10-14T16:39:05.000000,2,true,true,true,1.82,3.55,99,true
258122949002,2025-10-14T16:40:26.000000,5,false,false,false,0.0,0.0,,false
258122974003,2025-10-14T16:43:03.000000,3,false,false,false,0.0,0.0,,false
258021112006,2025-10-06T16:37:20.000000,4,false,false,false,0.0,0.0,,false
258021113546,2025-10-06T16:37:29.000000,1,false,false,false,0.0,0.0,,false
258021119284,2025-10-06T16:38:05.000000,2,true,true,true,0.29999999999999993,0.7,,true
258021123428,2025-10-06T16:38:31.000000,3,true,true,true,0.25,0.5,,true
258021126264,2025-10-06T16:38:49.000000,2,false,false,false,0.0,0.0,,false
258021128993,2025-10-06T16:39:06.000000,4,true,true,false,0.3,0.0,,false
258021136700,2025-10-06T16:39:54.000000,4,false,false,false,0.0,0.0,,false
258021145443,2025-10-06T16:40:49.000000,1,false,false,false,0.0,0.0,,false
258021148930,2025-10-06T16:41:10.000000,5,true,true,false,0.3,0.9,KK,true
258021164063,2025-10-06T16:42:45.000000,6,false,false,false,0.0,0.0,,false
258021165777,2025-10-06T16:42:56.000000,1,false,false,false,0.0,0.0,,false
258021165147,2025-10-06T16:42:52.000000,5,false,false,false,0.0,0.0,,false
258021174325,2025-10-06T16:43:49.000000,5,false,false,false,0.0,0.0,,false
258021176991,2025-10-06T16:44:06.000000,3,false,false,false,0.0,0.0,,false
258021191537,2025-10-06T16:45:37.000000,3,true,false,false,0.2,0.0,,false
258021203688,2025-10-06T16:46:53.000000,6,false,false,false,0.0,0.0,,false
258021222672,2025-10-06T16:48:51.000000,2,false,false,false,0.0,0.0,,false
258021248747,2025-10-06T16:51:36.000000,4,false,false,false,0.0,0.0,,false
258021244282,2025-10-06T16:51:08.000000,3,true,false,false,0.15,0.0,,false
258021250944,2025-10-06T16:51:50.000000,5,true,true,false,0.8999999999999999,2.61,,true
258021267553,2025-10-06T16:53:34.000000,1,true,true,false,0.8999999999999999,0.0,,false
258021285577,2025-10-06T16:55:37.000000,4,false,false,false,0.0,0.0,,false
258021281348,2025-10-06T16:55:02.000000,1,false,false,false,0.0,0.0,,false
258021305530,2025-10-06T16:58:22.000000,1,true,true,false,0.6599999999999999,1.35,KJs,true
258021314365,2025-10-06T16:59:34.000000,1,true,false,false,0.35,0.0,,false
258021320885,2025-10-06T17:00:27.000000,4,false,false,false,0.0,0.0,,false
258123242672,2025-10-14T17:12:36.000000,1,false,false,false,0.0,0.0,,false
258124363783,2025-10-14T18:59:42.000000,1,true,true,false,0.2,0.52,K7s,true
258124365891,2025-10-14T18:59:58.000000,2,false,false,false,0.0,0.0,,false
258124386101,2025-10-14T19:02:02.000000,3,false,false,false,0.0,0.0,,false
258124392891,2025-10-14T19:02:39.000000,1,false,false,false,0.0,0.0,,false
258124408478,2025-10-14T19:04:00.000000,1,true,true,false,0.1,0.25,,true
258124407554,2025-10-14T19:03:55.000000,5,false,false,false,0.0,0.0,,false
258124433504,2025-10-14T19:06:10.000000,3,false,false,false,-0.05,0.1,,true
258124434060,2025-10-14T19:06:12.000000,6,true,true,false,1.2000000000000002,0.0,,false
258124457863,2025-10-14T19:08:15.000000,6,true,true,false,0.8,0.0,,false
258124464552,2025-10-14T19:08:49.000000,3,false,false,false,0.0,0.0,,false
258124504217,2025-10-14T19:12:12.000000,1,true,true,false,0.1,0.25,,true
258124507789,2025-10-14T19:12:30.000000,6,false,false,false,0.0,0.0,,false
258124524645,2025-10-14T19:13:55.000000,4,false,false,false,0.0,0.0,,false
258124530429,2025-10-14T19:14:24.000000,1,true,true,false,0.1,0.25,,true
258124542319,2025-10-14T19:15:23.000000,6,false,false,false,0.0,0.0,,false
258124561485,2025-10-14T19:17:00.000000,5,false,false,false,0.0,0.0,,false
258124562211,2025-10-14T19:17:04.000000,6,false,false,false,0.0,0.0,,false
258124582685,2025-10-14T19:18:47.000000,5,false,false,false,0.0,0.0,,false
258124611286,2025-10-14T19:21:09.000000,6,false,false,false,0.0,0.0,,false
258124664790,2025-10-14T19:25:34.000000,4,false,false,false,0.0,0.0,,false
258124663776,2025-10-14T19:25:29.000000,5,false,false,false,0.0,0.0,,false
257894645016,2025-09-26T16:56:39.000000,4,false,false,false,0.0,0.0,,false
257894646864,2025-09-26T16:56:54.000000,4,false,false,false,0.0,0.0,,false
257894654167,2025-09-26T16:57:54.000000,4,false,false,false,0.0,0.0,,false
257894654912,2025-09-26T16:58:00.000000,2,true,true,false,0.32999999999999996,0.0,,false
257894665495,2025-09-26T16:59:26.000000,4,false,false,false,0.0,0.0,,false
257894670049,2025-09-26T17:00:03.000000,2,false,false,false,0.0,0.0,,false
257894680055,2025-09-26T17:01:16.000000,5,false,false,false,0.0,0.0,,false
257894680820,2025-09-26T17:01:21.000000,4,false,false,false,0.0,0.0,,false
257894688247,2025-09-26T17:02:10.000000,1,true,false,false,0.15,0.0,,false
257894692144,2025-09-26T17:02:35.000000,6,false,false,false,0.0,0.0,,false
257894693619,2025-09-26T17:02:45.000000,2,false,false,false,0.0,0.0,,false
257894695290,2025-09-26T17:02:56.000000,1,false,false,false,0.0,0.0,,false
257894696076,2025-09-26T17:03:01.000000,2,false,false,false,0.0,0.0,,false
257894698782,2025-09-26T17:03:18.000000,1,false,false,false,0.0,0.0,,false
257894700028,2025-09-26T17:03:26.000000,5,false,false,false,0.0,0.0,,false
257894705823,2025-09-26T17:04:02.000000,5,true,true,false,0.12,0.25,,true
257894709791,2025-09-26T17:04:27.000000,3,true,false,false,0.1,0.0,,false
257894713576,2025-09-26T17:04:51.000000,3,false,false,false,0.0,0.0,,false
257894715339,2025-09-26T17:05:02.000000,6,false,false,false,0.0,0.0,,false
257894719220,2025-09-26T17:05:26.000000,3,false,false,false,0.0,0.0,,false
257894723990,2025-09-26T17:05:57.000000,2,false,false,false,0.0,0.0,,false
257894731597,2025-09-26T17:06:44.000000,5,true,true,false,0.31,0.0,,false
257894738337,2025-09-26T17:07:27.000000,1,false,false,false,0.0,0.0,,false
257894740092,2025-09-26T17:07:38.000000,1,true,true,false,7.12,0.0,AA,false
257894745583,2025-09-26T17:08:13.000000,3,false,false,false,0.0,0.0,,false
257686644022,2025-09-10T13:25:29.000000,2,false,false,false,0.0,0.0,,false
257686645376,2025-09-10T13:25:42.000000,1,true,true,false,0.51,1.02,,true
257686649610,2025-09-10T13:26:20.000000,4,false,false,false,0.0,0.0,,false
257686650088,2025-09-10T13:26:25.000000,3,true,false,false,0.41000000000000003,0.0,9Ao,false
257686651644,2025-09-10T13:26:39.000000,3,true,false,false,0.19,0.0,,false
257686654772,2025-09-10T13:27:08.000000,4,true,true,false,0.04999999999999999,0.12,,true
257686658218,2025-09-10T13:27:39.000000,4,true,true,false,0.12,0.25,,true
257686658928,2025-09-10T13:27:45.000000,3,false,false,false,-0.03,0.04,,true
257686662173,2025-09-10T13:28:14.000000,2,false,false,false,0.0,0.0,,false
257686662608,2025-09-10T13:28:18.000000,3,false,false,false,0.0,0.0,,false
257686664221,2025-09-10T13:28:33.000000,2,false,false,false,0.0,0.0,,false
257686665290,2025-09-10T13:28:42.000000,1,false,false,false,0.0,0.0,,false
257686668896,2025-09-10T13:29:16.000000,5,false,false,false,0.0,0.0,,false
257686669851,2025-09-10T13:29:25.000000,1,false,false,false,0.0,0.0,,false
257686670293,2025-09-10T13:29:29.000000,4,false,false,false,0.0,0.0,,false
257686672058,2025-09-10T13:29:45.000000,3,false,false,false,-0.03,0.04,,true
257686673918,2025-09-10T13:30:02.000000,4,false,false,false,0.0,0.0,,false
257686682478,2025-09-10T13:31:20.000000,1,false,false,false,0.0,0.0,,false
257686682927,2025-09-10T13:31:24.000000,2,false,false,false,0.0,0.0,,false
257686687209,2025-09-10T13:32:03.000000,2,false,false,false,0.0,0.0,,false
257686692809,2025-09-10T13:32:55.000000,1,true,true,false,0.1,0.21,K4s,true
257686707304,2025-09-10T13:35:04.000000,3,false,false,false,-0.03,0.04,,true
257686708208,2025-09-10T13:35:12.000000,5,false,false,false,0.0,0.0,,false
257686711646,2025-09-10T13:35:43.000000,2,false,false,false,0.0,0.0,,false
257686730042,2025-09-10T13:38:32.000000,4,false,false,false,0.0,0.0,,false
257686731204,2025-09-10T13:38:42.000000,5,false,false,false,0.0,0.0,,false
257686730493,2025-09-10T13:38:36.000000,3,true,false,false,0.15,0.0,,false
257686734738,2025-09-10T13:39:15.000000,3,false,false,false,-0.03,0.04,,true
257686739773,2025-09-10T13:40:00.000000,4,true,true,false,1.16,2.22,TAo,true
257686745401,2025-09-10T13:40:49.000000,5,true,false,false,0.17,0.0,,false
257686746257,2025-09-10T13:40:57.000000,1,false,false,false,0.0,0.0,,false
257686747420,2025-09-10T13:41:07.000000,4,false,false,false,0.0,0.0,,false
257686755780,2025-09-10T13:42:22.000000,3,false,false,false,0.0,0.0,,false
257686755145,2025-09-10T13:42:16.000000,2,false,false,false,0.0,0.0,,false
257686762276,2025-09-10T13:43:20.000000,4,true,true,false,5.169999999999999,10.04,QQ,true
257803853999,2025-09-19T15:38:52.000000,3,false,false,false,0.0,0.0,,false
257803856021,2025-09-19T15:39:06.000000,2,false,false,false,0.0,0.0,,false
257803952206,2025-09-19T15:50:18.000000,4,true,true,false,0.17,0.35,,true
257803958435,2025-09-19T15:51:01.000000,4,false,false,false,0.0,0.0,,false
257803994348,2025-09-19T15:55:09.000000,6,false,false,false,0.0,0.0,,false
257803841372,2025-09-19T15:37:21.000000,1,true,true,false,0.019999999999999997,0.05,,true
257803850161,2025-09-19T15:38:24.000000,5,false,false,false,0.0,0.0,,false
257803851809,2025-09-19T15:38:36.000000,6,false,false,false,0.0,0.0,,false
257803862040,2025-09-19T15:39:48.000000,4,false,false,false,0.0,0.0,,false
257803881797,2025-09-19T15:42:06.000000,2,false,false,false,0.0,0.0,,false
257803882956,2025-09-19T15:42:14.000000,6,true,true,false,0.020000000000000004,0.05,,true
257803885972,2025-09-19T15:42:36.000000,4,false,false,false,0.0,0.0,,false
257803916306,2025-09-19T15:46:10.000000,1,true,false,false,0.04,0.0,,false
257803919117,2025-09-19T15:46:30.000000,1,true,false,false,0.13,0.28,,true
257803954205,2025-09-19T15:50:32.000000,6,false,false,false,0.0,0.0,,false
257803964232,2025-09-19T15:51:41.000000,6,false,false,false,0.0,0.0,,false
257803971929,2025-09-19T15:52:34.000000,5,false,false,false,0.0,0.0,,false
257803975035,2025-09-19T15:52:56.000000,4,false,false,false,0.0,0.0,,false
257803975574,2025-09-19T15:52:59.000000,1,false,false,false,0.0,0.0,,false
257803999572,2025-09-19T15:55:54.000000,3,false,false,false,0.0,0.0,,false
257945457771,2025-09-30T15:45:07.000000,6,true,true,false,0.25,0.52,,true
257945463666,2025-09-30T15:45:49.000000,6,false,false,false,0.0,0.0,,false
257945472273,2025-09-30T15:46:52.000000,2,false,false,false,0.0,0.0,,false
257945515247,2025-09-30T15:52:06.000000,1,false,false,false,0.0,0.0,,false
257945514123,2025-09-30T15:51:58.000000,5,false,false,false,0.0,0.0,,false
257945515649,2025-09-30T15:52:09.000000,3,false,false,false,0.0,0.0,,false
257945523947,2025-09-30T15:53:09.000000,4,false,false,false,0.0,0.0,,false
257945524397,2025-09-30T15:53:13.000000,2,false,false,false,0.0,0.0,,false
257945525276,2025-09-30T15:53:19.000000,4,false,false,false,0.0,0.0,,false
257945522868,2025-09-30T15:53:01.000000,5,false,false,false,0.0,0.0,,false
257945532137,2025-09-30T15:54:10.000000,2,false,false,false,0.0,0.0,,false
257945532798,2025-09-30T15:54:15.000000,5,false,false,false,0.0,0.0,,false
257945538065,2025-09-30T15:54:53.000000,3,true,false,false,1.51,1.56,T9s,true
257945543675,2025-09-30T15:55:40.000000,2,true,true,true,0.20000000000000007,0.5,,true
257945545897,2025-09-30T15:56:01.000000,4,true,true,false,6.29,0.0,TT,false
257945547503,2025-09-30T15:56:15.000000,3,true,false,false,0.23,0.67,KTo,true
257945550597,2025-09-30T15:56:44.000000,4,false,false,false,0.0,0.0,,false
257945559892,2025-09-30T15:58:10.000000,5,true,true,false,0.25,0.0,,false
257945562430,2025-09-30T15:58:33.000000,2,false,false,false,0.0,0.0,,false
257945564968,2025-09-30T15:58:56.000000,5,false,false,false,0.0,0.0,,false
257945564627,2025-09-30T15:58:53.000000,6,false,false,false,0.0,0.0,,false
257945565543,2025-09-30T15:59:01.000000,3,false,false,false,0.0,0.0,,false
257945577863,2025-09-30T16:00:50.000000,2,false,false,false,0.0,0.0,,false
257945579532,2025-09-30T16:01:03.000000,4,false,false,false,0.0,0.0,,false
257945581660,2025-09-30T16:01:18.000000,4,true,true,false,1.2,0.0,,false
257945588131,2025-09-30T16:02:07.000000,5,true,true,false,0.1,0.25,,true
257945590266,2025-09-30T16:02:22.000000,5,false,false,false,0.0,0.0,,false
257945595486,2025-09-30T16:03:00.000000,3,true,false,false,0.2,0.62,K7o,true
257945607407,2025-09-30T16:04:25.000000,5,false,false,false,0.0,0.0,,false
257945615375,2025-09-30T16:05:21.000000,1,false,false,false,0.0,0.0,,false
257945616357,2025-09-30T16:05:28.000000,3,false,false,false,0.0,0.0,,false
257945646515,2025-09-30T16:09:02.000000,6,false,false,false,0.0,0.0,,false
257945653905,2025-09-30T16:09:54.000000,6,false,false,false,0.0,0.0,,false
257945657738,2025-09-30T16:10:20.000000,6,false,false,false,0.0,0.0,,false
257938682547,2025-09-29T23:02:21.000000,1,false,false,false,0.0,0.0,,false
257938701163,2025-09-29T23:03:30.000000,6,false,false,false,0.0,0.0,,false
257938788074,2025-09-29T23:08:35.000000,5,false,false,false,0.0,0.0,,false
257938792875,2025-09-29T23:08:52.000000,3,true,false,false,0.2,0.0,,false
